dropout_rate,seed,total_plates,total_events,seq_accuracy_pct,complete_fraction_pct,mean_travel_time_error_s,std_travel_time_error_s,edge_observation_count
0.0,42,34,140,100.0,100.0,0.1433261176470573,7.146544444141142,102
0.0,101,34,140,100.0,100.0,-0.03595153921568627,7.057450292532752,102
0.0,2024,34,140,100.0,100.0,-0.5151970980392152,6.898729258945923,102
0.0,777,34,140,100.0,100.0,-0.17596748039215535,6.968667107818507,102
0.0,9999,34,140,100.0,100.0,-0.2836918431372551,7.595406551366429,102
0.1,42,34,128,100.0,70.58823529411765,0.3383718901098917,7.261402817276234,91
0.1,101,34,128,100.0,67.64705882352942,0.2607917032966999,7.110682055725096,91
0.1,2024,34,133,100.0,79.41176470588235,-0.808112873684206,6.630738916648581,95
0.1,777,34,129,100.0,73.52941176470588,0.19805287912087993,6.551951595473538,91
0.1,9999,34,127,100.0,73.52941176470588,-0.20773501111111128,6.561160395168693,90
0.2,42,34,122,100.0,61.76470588235294,0.5197657738095245,7.277225351864739,84
0.2,101,34,113,100.0,35.294117647058826,0.49718240789473656,6.9501862648934685,76
0.2,2024,34,118,100.0,47.05882352941176,-0.6797428395061724,6.176350762206775,81
0.2,777,34,125,100.0,64.70588235294117,-0.1198346666666633,6.076651437204548,87
0.2,9999,34,114,100.0,50.0,-0.46347935064935014,6.558589338847259,77
0.3,42,34,103,100.0,26.47058823529412,0.40879684848484893,7.421868132585798,66
0.3,101,34,103,100.0,26.47058823529412,0.14934217910447403,6.913340620922022,67
0.3,2024,34,105,100.0,32.35294117647059,-0.8127588529411791,6.332836929592158,68
0.3,777,34,109,100.0,35.294117647058826,-0.5825040000000029,6.430827675933665,72
0.3,9999,34,104,100.0,32.35294117647059,-0.229673352941178,7.6347026792212676,68
0.4,42,34,88,100.0,8.823529411764707,0.4856115094339614,6.385349836032618,53
0.4,101,34,90,100.0,14.705882352941178,0.7121404909090921,6.820179468015489,55
0.4,2024,34,94,100.0,20.588235294117645,-0.9128927931034466,6.122366387251487,58
0.4,777,34,100,100.0,29.411764705882355,-0.6115667076923098,6.48263488596046,65
0.4,9999,34,95,100.0,20.588235294117645,-0.2778982999999935,6.467272700434385,60
