noise_rate,seed,total_true_vehicles,total_events,false_stitched_plates,unique_false_merged_pairs,fragmented_vehicles,fragmentation_pct,mean_dominant_path_length,distinct_emitted_plates
0.0,42,35,140,1,1,0,0.0,4,34
0.0,101,35,140,1,1,0,0.0,4,34
0.0,2024,35,140,1,1,0,0.0,4,34
0.0,777,35,140,1,1,0,0.0,4,34
0.0,9999,35,140,1,1,0,0.0,4,34
0.05,42,35,140,1,1,5,14.285714285714285,3.857142857142857,39
0.05,101,35,140,1,1,9,25.71428571428571,3.742857142857143,43
0.05,2024,35,140,1,1,2,5.714285714285714,3.942857142857143,36
0.05,777,35,140,1,1,6,17.142857142857142,3.8285714285714287,40
0.05,9999,35,140,1,1,5,14.285714285714285,3.857142857142857,39
0.1,42,35,140,1,1,15,42.857142857142854,3.5142857142857142,51
0.1,101,35,140,1,1,10,28.57142857142857,3.6285714285714286,47
0.1,2024,35,140,1,1,7,20.0,3.8,41
0.1,777,35,140,1,1,15,42.857142857142854,3.5142857142857142,51
0.1,9999,35,140,1,1,9,25.71428571428571,3.6857142857142855,45
0.15,42,35,140,1,1,22,62.857142857142854,3.142857142857143,64
0.15,101,35,140,1,1,19,54.285714285714285,3.342857142857143,57
0.15,2024,35,140,1,1,15,42.857142857142854,3.4857142857142858,52
0.15,777,35,140,1,1,16,45.714285714285715,3.3714285714285714,56
0.15,9999,35,140,1,1,11,31.428571428571427,3.5142857142857142,51
0.2,42,35,140,1,1,23,65.71428571428571,3.1142857142857143,65
0.2,101,35,140,1,1,23,65.71428571428571,3.1142857142857143,65
0.2,2024,35,140,1,1,17,48.57142857142857,3.3714285714285714,56
0.2,777,35,140,1,1,18,51.42857142857142,3.342857142857143,57
0.2,9999,35,140,1,1,19,54.285714285714285,3.4,55
0.25,42,35,140,1,1,27,77.14285714285715,2.8857142857142857,73
0.25,101,35,140,1,1,26,74.28571428571429,2.7714285714285714,77
0.25,2024,35,140,1,1,20,57.14285714285714,3.0285714285714285,68
0.25,777,35,140,1,1,18,51.42857142857142,3.2857142857142856,59
0.25,9999,35,140,1,1,27,77.14285714285715,2.9714285714285715,70
0.3,42,35,140,1,1,29,82.85714285714286,2.5714285714285716,84
0.3,101,35,140,1,1,25,71.42857142857143,2.742857142857143,78
0.3,2024,35,140,1,1,23,65.71428571428571,2.8857142857142857,73
0.3,777,35,140,1,1,24,68.57142857142857,2.914285714285714,72
0.3,9999,35,140,1,1,31,88.57142857142857,2.657142857142857,81
