track_id,crop_path,predicted,corrected,true_plate
1,plate_crops/track_001_AP05JEO.jpg,AP05JEO,AP05JEO,AP05JEO
3,plate_crops/track_003_NA13NRU.jpg,NA13NRU,NA13NRU,NA13NRU
5,plate_crops/track_005_NS41SAN.jpg,NS41SAN,NS41SAN,MW51VSU
6,plate_crops/track_006_GXJ5.jpg,GXJ5,GXJ5,GX15OGJ
8,plate_crops/track_008_KH05ZZK.jpg,KH05ZZK,KH05ZZK,KH05ZZK
10,plate_crops/track_010_NR02FKD.jpg,NR02FKD,NR02FKD,WR02FKD
11,plate_crops/track_011_BG65USJ.jpg,BG65USJ,BG65USJ,BG65USJ
16,plate_crops/track_016_FJ14ZHY.jpg,FJ14ZHY,FJ14ZHY,FJ14ZHY
19,plate_crops/track_019_LH13VCY.jpg,LH13VCY,LH13VCY,LM13VCV
23,plate_crops/track_023_AK64DMV.jpg,AK64DMV,AK64DMV,AK64DMV
25,plate_crops/track_025_EY61NBG.jpg,EY61NBG,EY61NBG,EY61NBG
27,plate_crops/track_027_DU62HYJ.jpg,DU62HYJ,DU62HYJ,DU62HYJ
33,plate_crops/track_033_HNI4C.jpg,HNI4C,HNI4C,HN14CD
34,plate_crops/track_034_GJ05EPD.jpg,GJ05EPD,GJ05EPD,GJ05EPD
36,plate_crops/track_036_AY08HVF.jpg,AY08HVF,AY08HVF,AY08HVF
43,plate_crops/track_043_NA54KGJ.jpg,NA54KGJ,NA54KGJ,NA54KGJ
51,plate_crops/track_051_AF65JKV.jpg,AF65JKV,AF65JKV,AF65JKV
55,plate_crops/track_055_KH06KSU.jpg,KH06KSU,KH06KSU,KH06KSU
57,plate_crops/track_057_LN15ZZC.jpg,LN15ZZC,LN15ZZC,LN15ZZC
61,plate_crops/track_061_EF10DZT.jpg,EF10DZT,EF10DZT,EF10DZT
65,plate_crops/track_065_DA07CLX.jpg,DA07CLX,DA07CLX,DA07CLX
73,plate_crops/track_073_KH06KSU.jpg,KH06KSU,KH06KSU,KH06KSU
78,plate_crops/track_078_EY09YWS.jpg,EY09YWS,EY09YWS,EY09YWS
79,plate_crops/track_079_50WNA.jpg,50WNA,50WNA,50WNA
97,plate_crops/track_097_BP63LYH.jpg,BP63LYH,BP63LYH,BP63LYH
107,plate_crops/track_107_WG65ZFX.jpg,WG65ZFX,WG65ZFX,WG65ZFX
109,plate_crops/track_109_LP14LJA.jpg,LP14LJA,LP14LJA,LP14LJA
114,plate_crops/track_114_LL61PZS.jpg,LL61PZS,LL61PZS,LL61PZS
121,plate_crops/track_121_CE9NL.jpg,CE9NL,CE9NL,CE61WYL
127,plate_crops/track_127_NL64OGX.jpg,NL64OGX,NL64OGX,NL64OGX
137,plate_crops/track_137_GIOSF.jpg,GIOSF,GIOSF,G18SP
138,plate_crops/track_138_HX52BPF.jpg,HX52BPF,HX52BPF,HX52BPF
139,plate_crops/track_139_BPF.jpg,BPF,BPF,HX52BPF
147,plate_crops/track_147_SC5506.jpg,SC5506,SC5506,SC56DYP
149,plate_crops/track_149_DU06XRO.jpg,DU06XRO,DU06XRO,DU06XRO
